Country Code,Country,Airport ICAO Code,Airport Name,Airport Latitude,Airport Longitude,Operation Type,Flights,Fuel LTO Cycle (kg)  ,NOx LTO Total mass (g),PM2.5 LTO Emission (g),HC LTO Total mass (g),CO LTO Total Mass (g)
AE,United Arab Emirates (the),OMAA,Abu Dhabi International Airport,24.443764,54.651718,All,64812,81546036,1481794132,5702160,53111400,680189632
AE,United Arab Emirates (the),OMDB,Dubai International Airport,25.2527999878,55.3643989563,All,210973,389335220,7698339016,17983599,435764353,4446606440
AE,United Arab Emirates (the),OMSJ,Sharjah International Airport,25.3286,55.5172,All,50632,48465899,763772366,2996286,55208696,531260586
AF,Afghanistan,OAKB,Kabul International Airport,34.565899,69.212303,All,1610,2213968,32679456,420845,3453488,28099994
AG,Antigua and Barbuda,TAPA,V C Bird International Airport,17.1367,-61.792702,All,9376,3638209,58383279,441682,4583309,87886540
AI,Anguilla,TQPF,Clayton J Lloyd International Airport,18.204773,-63.05383,All,4648,348748,2577901,63832,2069148,65121597
AL,Albania,LATI,Tirana International Airport Mother Teresa,41.4147,19.7206,All,24499,19308398,273454372,1617390,15750998,202375263
AM,Armenia,UDYZ,Zvartnots International Airport,40.1473007202,44.3959007263,All,20453,17014007,228027046,1501918,18099693,200753213
AO,Angola,FNLU,Quatro de Fevereiro International Airport,-8.85837,13.2312,All,12194,12188096,215197539,1109228,20540018,141696316
AR,Argentina,SABE,Jorge Newbery Airpark,-34.5592,-58.4156,All,51237,37332958,463943317,2131317,51678076,475553029
AR,Argentina,SAEZ,Minister Pistarini International Airport,-34.8222,-58.5358,All,32609,40381635,657667087,2332540,37717673,377043768
AT,Austria,LOWW,Vienna International Airport,48.110298,16.5697,All,113197,100523745,1483211180,6256554,126776137,1268787427
AU,Australia,YBBN,Brisbane International Airport,-27.384199142456055,153.11700439453125,All,101016,71042805,874135758,6402085,124961012,970502694
AU,Australia,YBCS,Cairns International Airport,-16.885799408,145.755004883,All,32739,14030700,172270328,1903789,25472501,260829421
AU,Australia,YMMB,Melbourne Moorabbin Airport,-37.975799560546875,145.1020050048828,All,38514,528141,1738032,217925,9940537,326732726
AU,Australia,YMML,Melbourne International Airport,-37.673302,144.843002,All,117755,110357920,1612304690,7474642,127492537,1250902422
AU,Australia,YPAD,Adelaide International Airport,-34.947512,138.533393,All,49531,27428420,341648806,2666288,53048113,468867367
AU,Australia,YPJT,Perth Jandakot Airport,-32.09749984741211,115.88099670410156,All,33460,885175,3446711,481239,14809485,260314325
AU,Australia,YPPF,Adelaide Parafield Airport,-34.793300628699996,138.632995605,All,31179,252654,1078880,31471,5007113,206430083
AU,Australia,YPPH,Perth International Airport,-31.94029998779297,115.96700286865234,All,73276,58239185,779174196,5425873,73759590,709119369
AU,Australia,YSBK,Sydney Bankstown Airport,-33.923618,150.990792,All,30885,642450,2585136,315389,8658228,287107197
AU,Australia,YSSY,Sydney Kingsford Smith International Airport,-33.94609832763672,151.177001953125,All,156041,140222894,2122778910,11273234,177568408,1683231202
AW,Aruba,TNCA,Queen Beatrix International Airport,12.5014,-70.015198,All,13193,8759788,121315283,979520,9052624,116377954
AZ,Azerbaijan,UBBB,Heydar Aliyev International Airport,40.467498779296875,50.04669952392578,All,30116,37291757,502126027,2437695,38447717,394384965
BA,Bosnia and Herzegovina,LQSA,Sarajevo International Airport,43.8246,18.331499,All,5958,3938498,55755262,382626,3913255,46001317
BB,Barbados,TBPB,Grantley Adams International Airport,13.0746,-59.4925,All,13031,8308102,130667599,959145,7384373,94461848
BD,Bangladesh,VGHS,Hazrat Shahjalal International Airport,23.843347,90.397783,All,47175,44005827,754300708,3416287,47631982,466908926
BE,Belgium,EBBR,Brussels Airport,50.901402,4.48444,All,91263,90531542,1348521215,5156987,114504323,1011352315
BE,Belgium,EBCI,Brussels South Charleroi Airport,50.460982,4.457158,All,33285,20261540,237221565,1224449,29196119,270186663
BF,Burkina Faso,DFFD,Ouagadougou Airport,12.3532,-1.51242,All,1204,1330457,21889249,70586,1950406,14564916
BG,Bulgaria,LBSF,Sofia Airport,42.696357,23.417671,All,27906,22118726,314018937,1769763,25616297,243944677
BH,Bahrain,OBBI,Bahrain International Airport,26.267295,50.63764,All,44648,50128799,838301792,3086651,40163400,457056564
BJ,Benin,DBBB,Cadjehoun Airport,6.357230186462402,2.384350061416626,All,3695,3503314,53086272,221947,5649654,41581372
BL,Saint Barthélemy,TFFJ,Saint Barthélemy - Rémy de Haenen Airport,17.9044,-62.843601,All,8602,456830,2071468,496774,6393507,25793955
BM,Bermuda,TXKF,L.F. Wade International Airport,32.363998,-64.678703,All,3451,3014218,44399189,191003,3658432,34151461
BN,Brunei Darussalam,WBSB,Brunei International Airport,4.9442,114.928001,All,5452,4248559,60800874,212346,1260650,35898433
BO,Bolivia (Plurinational State of),SLVR,Viru Viru International Airport,-17.6448,-63.135399,All,16376,12326611,136732368,742379,20348814,179147829
BQ,"Bonaire, Sint Eustatius and Saba",TNCB,Flamingo International Airport,12.131,-68.268501,All,6922,2039197,28183911,399135,3854195,75403866
BR,Brazil,SBBR,Presidente Juscelino Kubitschek International Airport,-15.869167,-47.920834,All,54368,41626607,592182825,3182872,38635665,447391303
BR,Brazil,SBCF,Tancredo Neves International Airport,-19.63571,-43.966928,All,41238,25886203,313869106,2043560,25808849,328199396
BR,Brazil,SBGR,Guarulhos - Governador André Franco Montoro International Airport,-23.431944,-46.467778,All,126535,132876572,2200446494,8786660,104623286,1275115405
BR,Brazil,SBKP,Viracopos International Airport,-23.007404,-47.134502,All,56850,39086816,505106303,2691205,39841512,501796564
BR,Brazil,SBRF,Recife/Guararapes - Gilberto Freyre International Airport,-8.125984,-34.923316,All,35989,21507946,296381373,1798480,11421537,223144590
BR,Brazil,SBRJ,Santos Dumont Airport,-22.9105,-43.163101,All,46463,32459964,356436658,3150524,30943336,392177441
BR,Brazil,SBSP,Congonhas Airport,-23.627657,-46.654601,All,85837,62193309,820896234,4832678,70739699,734064738
BS,Bahamas (the),MYNN,Lynden Pindling International Airport,25.039,-77.466202,All,50331,15989302,205729733,2347868,29990099,486298905
BT,Bhutan,VQPR,Paro International Airport,27.4032,89.424599,All,1649,1071029,12244040,68170,1252877,13473025
BW,Botswana,FBSK,Sir Seretse Khama International Airport,-24.555201,25.9182,All,1870,766459,9510149,117920,1123503,10567965
BY,Belarus,UMMS,Minsk National Airport,53.888071,28.039964,All,10784,7717263,90855987,417069,11674254,114024675
BZ,Belize,MZBZ,Philip S. W. Goldson International Airport,17.539951,-88.303556,All,8623,2258946,24739255,388126,4893871,36651386
CA,Canada,CYEG,Edmonton International Airport,53.3097,-113.580002,All,50633,25578102,327614344,2761113,45556829,354314036
CA,Canada,CYUL,Montreal / Pierre Elliott Trudeau International Airport,45.467837,-73.742294,All,93294,76049949,1172307184,4946021,75676644,761564238
CA,Canada,CYVR,Vancouver International Airport,49.193901062,-123.183998108,All,123763,85438852,1391655774,7340857,114271933,1009100374
CA,Canada,CYWG,Winnipeg / James Armstrong Richardson International Airport,49.909999847399995,-97.2398986816,All,38035,19136453,247160161,2735843,30737680,245758091
CA,Canada,CYYC,Calgary International Airport,51.118822,-114.009933,All,90593,58568626,810879198,5526409,84073639,664559495
CA,Canada,CYYZ,Toronto Lester B. Pearson International Airport,43.6772,-79.6306,All,184971,163098034,2575838861,8186131,135971010,1614778897
CD,Congo (the Democratic Republic of the),FZAA,Ndjili International Airport,-4.38575,15.4446,All,6019,6844368,110899976,411981,8711156,76487877
CG,Congo (the),FCBB,Maya-Maya Airport,-4.251699924468994,15.253000259399414,All,2612,2771954,43350524,146826,2614352,32138281
CH,Switzerland,LSGG,Geneva Cointrin International Airport,46.238098,6.10895,All,70004,55665552,815716683,3401616,63243040,639434815
CH,Switzerland,LSZH,Zürich Airport,47.458056,8.548056,All,112016,102581516,1591971691,6533561,110792666,1183294010
CI,Côte d'Ivoire,DIAP,Félix-Houphouët-Boigny International Airport,5.26139,-3.92629,All,11511,12449484,201961607,751658,16900206,143829034
CK,Cook Islands (the),NCRG,Rarotonga International Airport,-21.2027,-159.806,All,745,939130,17836498,42878,429952,7230934
CL,Chile,SCEL,Comodoro Arturo Merino Benítez International Airport,-33.393001556396484,-70.78579711914062,All,74689,74444816,1150910286,4204707,51927346,710364353
CM,Cameroon,FKKD,Douala International Airport,4.0060801506,9.71947956085,All,1555,1648107,26239037,108405,3529983,20568081
CN,China,ZBAA,Beijing Capital International Airport,40.080101013183594,116.58499908447266,All,186465,239623840,3921993898,14357991,214109709,2449589303
CN,China,ZBAD,Beijing Daxing International Airport,39.509945,116.41092,All,145665,144643363,2095862935,10743185,137597309,1455396459
CN,China,ZBHH,Hohhot Baita International Airport,40.849658,111.824598,All,49796,35463859,418964257,2183374,51952943,490598487
CN,China,ZBSJ,Shijiazhuang Zhengding International Airport,38.280701,114.696999,All,37075,29656875,390713863,2072588,37768655,352843000
CN,China,ZBTJ,Tianjin Binhai International Airport,39.124401092499994,117.346000671,All,70545,57263960,723734567,3685234,67624684,679074930
CN,China,ZBYN,Taiyuan Wusu Airport,37.746899,112.627998,All,50048,39132318,496240834,2708489,47315966,457681511
CN,China,ZGGG,Guangzhou Baiyun International Airport,23.392401,113.299004,All,223074,252788124,4090159371,14376534,235527820,2597528363
CN,China,ZGHA,Changsha Huanghua International Airport,28.189199,113.220001,All,99349,83667541,1136868279,6061883,86263534,919867661
CN,China,ZGNN,Nanning Wuxu Airport,22.608299,108.171997,All,53580,41957840,524028137,2942527,50145595,494645695
CN,China,ZGOW,Jieyang Chaoshan International Airport,23.552,116.5033,All,29896,22424790,275670128,1462887,33352571,304984777
CN,China,ZGSD,Zhuhai Jinwan Airport,22.006399,113.375999,All,42733,32885971,402922760,2129476,41493425,395390723
CN,China,ZGSZ,Shenzhen Bao'an International Airport,22.639299,113.810997,All,194352,209679783,3181488805,14850887,178288052,2052780643
CN,China,ZHCC,Zhengzhou Xinzheng International Airport,34.526497,113.849165,All,98686,82319073,1051775597,5061123,95194157,936785733
CN,China,ZHHH,Wuhan Tianhe International Airport,30.774798,114.213723,All,96896,77059628,982284309,5122140,97972766,902304523
CN,China,ZHLY,Luoyang Beijiao Airport,34.7411,112.388,All,50234,4693701,55924005,355142,12127334,343966040
CN,China,ZJHK,Haikou Meilan International Airport,19.9349,110.459,All,84760,74665870,1056100397,5064329,79889669,808095543
CN,China,ZJSY,Sanya Phoenix International Airport,18.3029,109.412003,All,65444,68186881,1041966166,5359633,58089019,661104300
CN,China,ZLIC,Yinchuan Hedong International Airport,38.322758,106.393214,All,31695,24715570,317636093,1688648,27528202,283327228
CN,China,ZLLL,Lanzhou Zhongchuan International Airport,36.515202,103.620003,All,54381,44180873,601573453,2658606,44325968,493596590
CN,China,ZLXY,Xi'an Xianyang International Airport,34.447102,108.751999,All,153018,129409522,1763122900,9005742,123464648,1398602509
CN,China,ZPPP,Kunming Changshui International Airport,25.110313,102.936743,All,155083,128282223,1661565528,7790421,136257816,1486971706
CN,China,ZSAM,Xiamen Gaoqi International Airport,24.54400062561035,118.12799835205078,All,88652,75459323,1017045832,4483258,79335157,819988007
CN,China,ZSCN,Nanchang Changbei International Airport,28.864815,115.90271,All,42828,34114587,449749543,2186731,45123023,425338982
CN,China,ZSFZ,Fuzhou Changle International Airport,25.934669,119.66318,All,49119,38209786,477557936,2320137,44591643,444908334
CN,China,ZSHC,Hangzhou Xiaoshan International Airport,30.23609,120.428865,All,147883,143534232,2050993241,11216800,127051313,1447887115
CN,China,ZSJN,Jinan Yaoqiang International Airport,36.857201,117.216003,All,66878,51592210,648250731,3272930,60055118,598315103
CN,China,ZSNB,Ningbo Lishe International Airport,29.82670021057129,121.46199798583984,All,48880,42349076,597467265,2916389,45582230,465043022
CN,China,ZSNJ,Nanjing Lukou International Airport,31.735032,118.865949,All,106865,91092125,1249896512,6849873,88251275,971988326
CN,China,ZSOF,Hefei Xinqiao International Airport,31.98779,116.9769,All,41842,34712478,480979969,2447313,40196379,395444073
CN,China,ZSPD,Shanghai Pudong International Airport,31.1434,121.805,All,215537,259451084,4203784258,16333173,218818546,2600352432
CN,China,ZSQD,Qingdao Jiaodong International Airport,36.361953,120.088171,All,84118,70333847,941860822,4552349,74717639,776266668
CN,China,ZSSS,Shanghai Hongqiao International Airport,31.198104,121.33426,All,131327,166727278,2731989931,10379602,133771645,1611997922
CN,China,ZSWX,Sunan Shuofang International Airport,31.494400024399997,120.429000854,All,35426,29749050,398975963,1956572,32569124,333259288
CN,China,ZSWZ,Wenzhou Longwan International Airport,27.912201,120.851997,All,45984,37936201,506510544,2807053,42663774,425794137
CN,China,ZSYT,Yantai Penglai International Airport,37.659724,120.978124,All,33766,27257639,360904860,1852220,30694638,315996087
CN,China,ZUCK,Chongqing Jiangbei International Airport,29.712254,106.651895,All,156136,140630786,2000304315,10310887,127202632,1439544806
CN,China,ZUGH,Guanghan Airport,30.9485,104.3296,All,34070,303268,2059961,35150,5102461,209484695
CN,China,ZUGY,Guiyang Longdongbao International Airport,26.541466,106.803331,All,69396,51884437,636130988,3293233,60702483,614180574
CN,China,ZUMY,Mianyang Nanjiao Airport,31.428101,104.740997,All,50390,10319175,128274638,703425,17486618,366800806
CN,China,ZUTF,Chengdu Tianfu International Airport,30.31252,104.441284,All,163737,145191299,2029254939,10200576,133450104,1528620853
CN,China,ZUUU,Chengdu Shuangliu International Airport,30.558257,103.945966,All,104380,122971477,1952345585,8598431,93412123,1214992752
CN,China,ZWWW,Ürümqi Diwopu International Airport,43.907100677490234,87.47419738769531,All,87234,72998086,947806015,3996211,79916359,846448950
CN,China,ZYCC,Changchun Longjia International Airport,43.996201,125.684998,All,54601,46491225,662298276,3673814,44994300,489681562
CN,China,ZYHB,Harbin Taiping International Airport,45.623402,126.25,All,73230,61108613,846597899,4393464,62787803,675008070
CN,China,ZYTL,Dalian Zhoushuizi International Airport,38.965698,121.539001,All,63503,53921340,736663262,4721286,84564469,605348548
CN,China,ZYTX,Shenyang Taoxian International Airport,41.639801,123.483002,All,73439,61132187,844945634,4152243,56061090,652113981
CO,Colombia,SKBO,El Dorado International Airport,4.70159,-74.1469,All,165161,143845866,2214220650,11659863,160484016,1557281919
CO,Colombia,SKRG,Jose Maria Córdova International Airport,6.16454,-75.4231,All,43949,39220814,602173866,2804652,45530877,436074853
CO,Colombia,SKSM,Simón Bolívar International Airport,11.1196,-74.2306,All,10233,8368760,128360435,649732,10913967,99398715
CR,Costa Rica,MROC,Juan Santamaría International Airport,9.99386,-84.208801,All,35477,23171035,335915746,2211628,24035047,248274556
CU,Cuba,MUHA,José Martí International Airport,22.989200592041016,-82.40910339355469,All,13504,12294814,186478985,771114,12587947,125144934
CV,Cabo Verde,GVAC,Amílcar Cabral International Airport,16.7414,-22.9494,All,4850,3909941,61905501,266184,4917413,39099295
CW,Curaçao,TNCC,Hato International Airport,12.1889,-68.959801,All,15450,6341313,85015148,971303,7007810,143808444
CY,Cyprus,LCLK,Larnaca International Airport,34.875099,33.624901,All,28700,24137362,366632536,1515585,20855452,265873079
CZ,Czechia,LKPR,Václav Havel Airport Prague,50.100874,14.259911,All,51606,39932171,544985315,2739254,48285569,474143171
DE,Germany,EDDB,Berlin Brandenburg Airport,52.362247,13.500672,All,81467,67477580,964314458,4991951,75631114,750535290
DE,Germany,EDDF,Frankfurt Airport,50.030241,8.561096,All,212567,252722039,4084905591,18578441,216006831,2520207607
DE,Germany,EDDH,Hamburg Helmut Schmidt Airport,53.630402,9.98823,All,55704,43308783,622597894,4014788,41502763,484168762
DE,Germany,EDDK,Cologne Bonn Airport,50.865898,7.14274,All,54020,56146587,787260010,4041280,58369325,578247287
DE,Germany,EDDL,Düsseldorf Airport,51.289501,6.76678,All,72876,62600865,883140840,5218859,61405712,678104099
DE,Germany,EDDM,Munich Airport,48.353802,11.7861,All,145100,131249745,1933543465,9239647,112986769,1360265587
DE,Germany,EDDP,Leipzig/Halle Airport,51.420657,12.232705,All,37859,51895956,823763680,3499951,48434033,528980145
DE,Germany,EDDS,Stuttgart Airport,48.689899,9.22196,All,40047,29634147,398269779,2838731,31762062,347811746
DJ,Djibouti,HDAM,Djibouti-Ambouli Airport,11.5473,43.1595,All,588,523181,8499982,27410,466502,5163116
DK,Denmark,EKCH,Copenhagen Kastrup Airport,55.617900848389,12.656000137329,All,113326,86100462,1184600714,5870269,71479153,908962933
DM,Dominica,TDPD,Douglas-Charles Airport,15.547,-61.299999,All,2967,444044,3321011,214055,382090,10496154
DO,Dominican Republic (the),MDPC,Punta Cana International Airport,18.5674,-68.363403,All,28109,26567664,396880217,1760117,21780781,264400171
DZ,Algeria,DAAG,Houari Boumediene Airport,36.693886,3.214531,All,27861,24732688,327037884,1716488,30129331,269228644
EC,Ecuador,SEQM,Mariscal Sucre International Airport,-0.125399,-78.354306,All,25487,28344205,417769960,5007159,65217675,337759778
EE,Estonia,EETN,Lennart Meri Tallinn Airport,59.41443,24.832706,All,17086,8702441,108818307,833733,6762696,111956820
EG,Egypt,HECA,Cairo International Airport,30.111534,31.396694,All,82544,88365224,1380082006,5184904,88145716,941647156
EH,Western Sahara,GMML,Hassan I Airport,27.142467,-13.224947,All,1600,927563,8208357,103898,5639091,16150972
ER,Eritrea,HHAS,Asmara International Airport,15.291899681091309,38.910701751708984,All,1002,907838,14684281,39863,507066,7279708
ES,Spain,GCLP,Gran Canaria Airport,27.9319,-15.3866,All,63202,33045572,432485127,4078685,30689173,378427068
ES,Spain,GCRR,César Manrique-Lanzarote Airport,28.945499,-13.6052,All,32600,18334610,234767195,1930708,18047871,207538966
ES,Spain,GCTS,Tenerife Sur Airport,28.0445,-16.5725,All,39067,28371120,382082943,1890838,29283613,316186125
ES,Spain,GCXO,Tenerife Norte-Ciudad de La Laguna Airport,28.4827,-16.341499,All,35384,13794785,176283025,2667969,10069209,159264970
ES,Spain,LEAL,Alicante-Elche Miguel Hernández Airport,38.2822,-0.558156,All,49494,36635675,475849327,2199348,47833399,421683365
ES,Spain,LEBL,Josep Tarradellas Barcelona-El Prat Airport,41.2971,2.07846,All,154523,139495073,2058910671,9909621,144156489,1475393775
ES,Spain,LEIB,Ibiza Airport,38.872898,1.37312,All,33708,22778121,299527767,1833643,27886267,267540816
ES,Spain,LEMD,Adolfo Suárez Madrid–Barajas Airport,40.471926,-3.56264,All,188687,182413884,2798892349,10251166,159816457,1745148007
ES,Spain,LEMG,Málaga-Costa del Sol Airport,36.6749,-4.49911,All,72906,54440124,736197844,3791135,65992141,615913384
ES,Spain,LEPA,Palma de Mallorca Airport,39.551701,2.73881,All,106032,80449812,1099068108,5873272,95715748,931040441
ES,Spain,LEVC,Valencia Airport,39.4893,-0.481625,All,36844,26162910,327400452,1736454,31488219,310668040
ET,Ethiopia,HAAB,Addis Ababa Bole International Airport,8.97789,38.799301,All,48898,61539362,1131850127,3950432,55603968,575779984
FI,Finland,EFHK,Helsinki Vantaa Airport,60.318363,24.963341,All,69775,54169010,749035290,5755234,51002094,646433327
FJ,Fiji,NFFN,Nadi International Airport,-17.755399703979492,177.4429931640625,All,27476,10319529,162086078,1318078,9422990,189048085
FO,Faroe Islands (the),EKVG,Vágar Airport,62.063256,-7.275782,All,1809,1424951,20217000,79967,1292492,15637129
FR,France,LFBO,Toulouse-Blagnac Airport,43.629101,1.36382,All,36056,28191495,368662783,1795382,41355565,365291664
FR,France,LFLL,Lyon Saint-Exupéry Airport,45.725556,5.081111,All,43869,34467216,457823507,2218221,51238589,461746296
FR,France,LFML,Marseille Provence Airport,43.438088,5.2125,All,45995,33486071,430229191,2327537,47828801,416730680
FR,France,LFMN,Nice-Côte d'Azur Airport,43.658401,7.21587,All,55955,43096630,600027230,3029243,58959108,533355313
FR,France,LFPG,Charles de Gaulle International Airport,49.012798,2.55,All,228219,270719007,4668272522,14792025,306746129,3028072767
FR,France,LFPO,Paris-Orly Airport,48.72333,2.37944,All,103773,91913054,1341345118,6401432,108869229,1011774466
FR,France,LFSB,EuroAirport Basel-Mulhouse-Freiburg,47.60068,7.521117,All,35136,26178432,371372919,1854264,28442077,321191088
GA,Gabon,FOOL,Libreville Leon M'ba International Airport,0.458600014448,9.4122800827,All,6688,4184045,60778596,505438,4859455,48415367
GB,United Kingdom of Great Britain and Northern Ireland (the),EGBB,Birmingham International Airport,52.453899,-1.74803,All,43334,31405748,417302953,2166552,38722861,367620046
GB,United Kingdom of Great Britain and Northern Ireland (the),EGCC,Manchester Airport,53.349375,-2.279521,All,88966,79863918,1152966882,5219960,79292885,854339953
GB,United Kingdom of Great Britain and Northern Ireland (the),EGGD,Bristol Airport,51.382702,-2.71909,All,36701,25531623,350250291,1578546,30196905,312992897
GB,United Kingdom of Great Britain and Northern Ireland (the),EGGW,London Luton Airport,51.874699,-0.368333,All,52713,41517787,562972960,2709595,39293029,466373527
GB,United Kingdom of Great Britain and Northern Ireland (the),EGKK,London Gatwick Airport,51.148771,-0.192089,All,129360,117152665,1761182027,7287735,125861563,1290545367
GB,United Kingdom of Great Britain and Northern Ireland (the),EGLL,London Heathrow Airport,51.4706,-0.461941,All,232122,330189908,6131875958,20443036,212982587,2863209632
GB,United Kingdom of Great Britain and Northern Ireland (the),EGNX,East Midlands Airport,52.8311,-1.32806,All,31910,26681492,355286953,1987712,35074623,316102466
GB,United Kingdom of Great Britain and Northern Ireland (the),EGPF,Glasgow International Airport,55.871899,-4.43306,All,34925,20457256,254750283,1677170,25990654,292276796
GB,United Kingdom of Great Britain and Northern Ireland (the),EGPH,Edinburgh Airport,55.950145,-3.372288,All,56807,41112875,537872045,2903588,48244049,480247210
GB,United Kingdom of Great Britain and Northern Ireland (the),EGSS,London Stansted Airport,51.884998,0.235,All,93168,73277281,957220120,3822885,87145165,838497784
GD,Grenada,TGPY,Maurice Bishop International Airport,12.0042,-61.786201,All,3394,1805363,27873092,247720,1440706,20834692
GE,Georgia,UGTB,Tbilisi International Airport,41.669201,44.9547,All,15884,12945701,177396000,878911,13332625,149649135
GF,French Guiana,SOCA,Cayenne – Félix Eboué Airport,4.819964,-52.361326,All,1085,1765977,36404138,89858,1706624,19312232
GG,Guernsey,EGJB,Guernsey Airport,49.435001,-2.60197,All,10900,1938143,16935109,724533,15525703,56603093
GH,Ghana,DGAA,Kotoka International Airport,5.605189800262451,-0.1667860001325607,All,8189,11458717,208386357,632128,13572883,122411308
GI,Gibraltar,LXGB,Gibraltar Airport,36.151199,-5.34966,All,1631,1346378,20289386,88592,1756535,16514246
GL,Greenland,BGGH,Nuuk Airport,64.193022,-51.676512,All,4073,669453,5416249,349351,377443,10491164
GM,Gambia (the),GBYD,Banjul International Airport,13.338,-16.652201,All,708,705802,10600008,40596,980374,7665712
GN,Guinea,GUCY,Conakry International Airport,9.57689,-13.612,All,1669,2283912,41014858,126445,2795039,24897366
GP,Guadeloupe,TFFR,Pointe-à-Pitre Le Raizet International  Airport,16.265301,-61.531799,All,13121,6730304,127926789,967108,5646971,82958201
GQ,Equatorial Guinea,FGSL,Malabo Airport,3.755270004272461,8.708720207214355,All,610,868644,14319672,82917,891197,8729863
GR,Greece,LGAV,Athens Eleftherios Venizelos International Airport,37.936401,23.9445,All,107681,77709518,1143136132,7041287,62581600,824627426
GT,Guatemala,MGGT,La Aurora Airport,14.5833,-90.527496,All,45847,15896928,208372179,1621322,20882269,390048895
GU,Guam,PGUM,Antonio B. Won Pat International Airport,13.4834,144.796005,All,8115,6761728,96366001,449763,9346448,93007179
GY,Guyana,SYCJ,Cheddi Jagan International Airport,6.49855,-58.254101,All,5130,3200823,52629580,204902,3347430,41829380
HK,Hong Kong,VHHH,Hong Kong International Airport,22.308901,113.915001,All,139294,261119008,4661944960,14192607,200180066,2443778643
HN,Honduras,MHLM,Ramón Villeda Morales International Airport,15.4526,-87.923599,All,7650,4989821,63456136,464564,5110279,66592727
HR,Croatia,LDZA,Zagreb Airport,45.742901,16.0688,All,21175,12748406,167255692,1383496,22994827,160173261
HT,Haiti,MTPP,Toussaint Louverture International Airport,18.58,-72.292503,All,3508,2300267,32198956,271809,2771582,29071408
HU,Hungary,LHBP,Budapest Liszt Ferenc International Airport,47.43018,19.262393,All,50495,40290789,555019659,2733545,35952302,430368609
ID,Indonesia,WADD,Ngurah Rai (Bali) International Airport,-8.74817,115.167,All,67666,67969987,1105478353,4193114,63730652,698629328
ID,Indonesia,WARR,Juanda International Airport,-7.37983,112.787003,All,48209,41595047,593330646,2665342,49063884,496472441
ID,Indonesia,WIII,Soekarno-Hatta International Airport,-6.1255698204,106.65599823,All,173839,173896437,2666412438,10163708,206746655,2004686071
IE,Ireland,EIDW,Dublin Airport,53.428713,-6.262121,All,117797,97847287,1397169806,6346817,98523866,1029294277
IL,Israel,LLBG,Ben Gurion International Airport,32.011398,34.8867,All,73269,74845991,1181185452,4283990,61758189,744519312
IM,Isle of Man,EGNS,Isle of Man Airport,54.083302,-4.62389,All,6614,2089604,23984427,427178,2960498,34904009
IN,India,VAAH,Sardar Vallabh Bhai Patel International Airport,23.0772,72.634697,All,41103,29628090,440339471,1804441,14736690,297244660
IN,India,VABB,Chhatrapati Shivaji International Airport,19.0886993408,72.8678970337,All,162003,145536262,2314228847,6660158,82792952,1433322756
IN,India,VAPO,Pune Airport / Lohagaon Air Force Station,18.5821,73.919701,All,30786,21945223,319989963,1048796,11845455,221873886
IN,India,VECC,Netaji Subhash Chandra Bose International Airport,22.654699,88.446701,All,69773,48152412,676706998,3035406,29245447,508123828
IN,India,VIDP,Indira Gandhi International Airport,28.55563,77.09519,All,221962,206523082,3304802954,9812597,120929972,2027344898
IN,India,VOBL,Kempegowda International Airport,13.1979,77.706299,All,121375,95913207,1513900317,5328681,56344972,941574640
IN,India,VOCI,Cochin International Airport,10.152,76.401901,All,30434,24969115,375540018,1378837,17345845,254624495
IN,India,VOHS,Rajiv Gandhi International Airport,17.231318,78.429855,All,85441,60034597,913700159,3906730,29969144,603231403
IN,India,VOMM,Chennai International Airport,12.990005,80.169296,All,71571,56528925,859809096,3511105,34308076,565526695
IQ,Iraq,ORBI,Baghdad International Airport / New Al Muthana Air Base,33.262501,44.2346,All,14345,12628378,186952995,810677,14047344,140049622
IR,Iran (Islamic Republic of),OIIE,Imam Khomeini International Airport,35.416099548339844,51.152198791503906,All,17546,25605249,425321793,2378146,24245246,247261355
IS,Iceland,BIKF,Keflavik International Airport,63.985001,-22.6056,All,28719,25620368,390091847,1757081,17136781,232243287
IT,Italy,LICC,Catania-Fontanarossa Airport,37.466801,15.0664,All,34914,26499529,343366308,1749057,31669928,314154769
IT,Italy,LIMC,Milan Malpensa International Airport,45.6306,8.72811,All,98133,99572641,1500800272,6271146,94053215,1047475892
IT,Italy,LIME,Milan Bergamo Airport / Antonio Locatelli Air Base,45.670725,9.709223,All,53122,36780328,479711100,1994364,42236288,418401125
IT,Italy,LIML,Milano Linate Airport,45.445099,9.27674,All,43914,32411340,428980185,2196306,43457402,407045681
IT,Italy,LIPE,Bologna Guglielmo Marconi Airport,44.5354,11.2887,All,37965,28143150,366763597,1850490,33818095,330027070
IT,Italy,LIPZ,Venice Marco Polo Airport,45.505299,12.3519,All,40817,33153229,449975530,2163547,43735504,404187207
IT,Italy,LIRF,Rome–Fiumicino Leonardo da Vinci International Airport,41.804532,12.251998,All,132730,125556887,1899841507,8141038,115587480,1286980776
IT,Italy,LIRN,Naples International Airport,40.886002,14.2908,All,42508,32732530,442223104,2203346,40724383,393790959
JE,Jersey,EGJJ,Jersey Airport,49.20790100097656,-2.195509910583496,All,11674,4641035,53302840,800597,6168043,74210837
JM,Jamaica,MKJS,Sangster International Airport,18.5037,-77.913399,All,16836,15013936,217046052,1061732,11848021,146408982
JO,Jordan,OJAI,Queen Alia International Airport,31.7226009369,35.9931983948,All,37359,37736229,558824157,2454128,34279144,380904003
JP,Japan,RJAA,Narita International Airport,35.764702,140.386002,All,105113,160320471,2710761794,8329972,117273402,1433471559
JP,Japan,RJBB,Kansai International Airport,34.427299,135.244003,All,77150,96164912,1628266847,5599664,74317712,899607491
JP,Japan,RJCC,New Chitose Airport,42.7752,141.692001,All,58285,64983496,1009445467,3638495,52496129,617639375
JP,Japan,RJFF,Fukuoka Airport,33.585899353027344,130.4510040283203,All,70566,70255794,1075948801,4600288,57960130,687198772
JP,Japan,RJGG,Chubu Centrair International Airport,34.858398,136.804993,All,37171,34560285,508712036,2041792,37106243,374481329
JP,Japan,RJOO,Osaka International Airport,34.7855,135.438004,All,52014,45001777,616514001,2787758,57096921,523694360
JP,Japan,RJTT,Tokyo Haneda International Airport,35.552299,139.779999,All,229773,300105768,4857402237,15967299,270445621,2818214907
JP,Japan,ROAH,Naha Airport / JASDF Naha Air Base,26.195801,127.646004,All,63692,58888030,859598482,3806697,66569015,627825947
KE,Kenya,HKJK,Jomo Kenyatta International Airport,-1.31923997402,36.9277992249,All,40415,37060463,549209344,2641283,51968150,417338368
KG,Kyrgyzstan,UCFM,Manas International Airport,43.0612983704,74.4776000977,All,6768,6290203,93974192,384211,4626223,64458349
KH,Cambodia,VDPP,Phnom Penh International Airport,11.5466,104.844002,All,16759,15349217,240657851,1256692,15319673,158389816
KN,Saint Kitts and Nevis,TKPK,Robert L. Bradshaw International Airport,17.311199188232422,-62.71870040893555,All,4359,1019842,12343936,227363,3228594,42755707
KR,Korea (the Republic of),RKPC,Jeju International Airport,33.512058,126.492548,All,84402,72333357,945408526,6722344,63093013,698637511
KR,Korea (the Republic of),RKPK,Gimhae International Airport,35.179501,128.938004,All,41244,33830304,475239319,2774605,29067458,341144698
KR,Korea (the Republic of),RKSI,Incheon International Airport,37.469101,126.450996,All,173098,284324323,4840010465,15531555,190536175,2466075147
KR,Korea (the Republic of),RKSS,Gimpo International Airport,37.5583,126.791,All,69512,64813475,882156028,5804175,44788721,576800741
KW,Kuwait,OKKK,Kuwait International Airport,29.226601,47.968899,All,61338,70552075,1218834040,3777866,73104972,770288145
KY,Cayman Islands (the),MWCR,Owen Roberts International Airport,19.292801,-81.357697,All,8339,4860774,74968170,464429,4425694,62516623
KZ,Kazakhstan,UAAA,Almaty International Airport,43.354267,77.042828,All,37690,39831690,592592955,2369925,34909381,396400871
LA,Lao People's Democratic Republic (the),VLVT,Wattay International Airport,17.988300323500003,102.56300354,All,7947,5569645,82233103,613658,5653121,62568604
LB,Lebanon,OLBA,Beirut Rafic Hariri International Airport,33.820899963378906,35.488399505615234,All,26896,29237017,477075462,1658921,28710312,308911956
LC,Saint Lucia,TLPL,Hewanorra International Airport,13.7332,-60.952599,All,3483,3465896,60363572,249360,3345146,36072176
LK,Sri Lanka,VCBI,Bandaranaike International Colombo Airport,7.180759906768799,79.88410186767578,All,21853,30020805,515906413,1757543,47857553,319796892
LR,Liberia,GLRB,Roberts International Airport,6.23379,-10.3623,All,798,828496,11542998,45699,959303,9144911
LT,Lithuania,EYVI,Vilnius International Airport,54.634102,25.285801,All,18602,12577611,165608130,847313,13765668,148661869
LU,Luxembourg,ELLX,Luxembourg-Findel International Airport,49.6233333,6.2044444,All,36886,35681223,477123827,2451142,40947954,373361597
LV,Latvia,EVRA,Riga International Airport,56.923599,23.9711,All,29685,18295308,232987391,975002,12493243,180747184
LY,Libya,HLLM,Mitiga International Airport,32.89177,13.287878,All,6592,5803163,78991311,330396,8502021,67438906
MA,Morocco,GMMN,Mohammed V International Airport,33.3675,-7.58997,All,40541,34559330,473099340,2185731,36843098,374659031
MD,Moldova (the Republic of),LUKK,Chişinău International Airport,46.9277,28.931,All,10454,8113105,110123254,751042,9282919,94001221
ME,Montenegro,LYPG,Podgorica Airport / Podgorica Golubovci Airbase,42.359402,19.2519,All,6460,4542730,58122124,372866,5482654,58762961
MF,Saint Martin (French part),TFFG,Grand Case-Espérance Airport,18.099899,-63.047199,All,5249,479821,3645008,264198,1534276,30735873
MG,Madagascar,FMMI,Ivato Airport,-18.7969,47.478802,All,1485,1981171,34586343,111271,1824811,21361391
MK,Republic of North Macedonia,LWSK,Skopje International Airport,41.958087,21.622581,All,10842,8333423,122484305,941003,6959502,85133156
ML,Mali,GABS,Modibo Keita International Airport,12.5335,-7.94994,All,7296,6244875,92551400,525148,8739859,78453609
MM,Myanmar,VYYY,Yangon International Airport,16.907300949099998,96.1332015991,All,12503,8292847,107052571,680511,11528769,112453515
MN,Mongolia,ZMCK,Ulaanbaatar Chinggis Khaan International Airport,47.646916,106.819833,All,3374,3806855,53651137,211734,5200068,41536881
MO,Macao,VMMC,Macau International Airport,22.149599,113.592003,All,20514,19734711,304239404,1728957,16059949,195581341
MP,Northern Mariana Islands (the),PGSN,Saipan International Airport,15.119,145.729004,All,1571,1104058,12320026,63826,1551169,13947536
MQ,Martinique,TFFF,Martinique Aimé Césaire International Airport,14.591,-61.003201,All,7597,5976197,117531874,565978,5947821,68961561
MR,Mauritania,GQNO,Nouakchott–Oumtounsy International Airport,18.31,-15.969722,All,1274,1126722,16044150,59742,1821561,13694230
MS,Montserrat,TRPG,John A. Osborne Airport,16.791401,-62.193298,All,1171,39264,43300,14944,413100,17440305
MT,Malta,LMML,Malta International Airport,35.857498,14.4775,All,29060,20800230,286602073,1307696,20059293,240748426
MU,Mauritius,FIMP,Sir Seewoosagur Ramgoolam International Airport,-20.430201,57.683601,All,9629,14615629,269663802,1097334,11739702,136738871
MV,Maldives,VRMM,Malé International Airport,4.191830158233643,73.52909851074219,All,46512,25752158,465055219,3837634,25600304,284326533
MW,Malawi,FWKI,Lilongwe International Airport,-13.7894001007,33.78099823,All,756,833155,13916628,50626,861595,9612027
MX,Mexico,MMGL,Aeropuerto Internacional Miguel Hidalgo,20.523342,-103.310108,All,65345,54100628,786468851,4061404,42485890,563126303
MX,Mexico,MMMX,Aeropuerto Internacional Lic. Benito Juárez,19.435433,-99.082432,All,173727,145134384,2178332124,8506402,126280300,1546380616
MX,Mexico,MMMY,Monterrey International Airport,25.778521,-100.106989,All,48840,38139436,545554622,3010901,22756259,369054907
MX,Mexico,MMTJ,Aeropuerto Internacional Gral. Abelardo Rodriguez,32.545963,-116.975856,All,42996,32601453,475057178,2253899,20466063,331419826
MX,Mexico,MMUN,Aeropuerto Internacional de Cancún,21.039444,-86.874304,All,99144,87517861,1317694298,6102721,65282950,855095370
MY,Malaysia,WMKK,Kuala Lumpur International Airport,2.74558,101.709999,All,160942,165326096,2522763738,8957852,158371591,1682726241
MY,Malaysia,WMKP,Penang International Airport,5.297140121459961,100.2770004272461,All,29947,25670028,374249119,1732863,27623205,279239957
MZ,Mozambique,FQMA,Maputo Airport,-25.920799,32.572601,All,2246,1679916,24739260,133660,2289616,16895657
NC,New Caledonia,NWWW,La Tontouta International Airport,-22.014601,166.212997,All,1380,1445652,24489446,78254,472992,10314792
NE,Niger (the),DRRN,Diori Hamani International Airport,13.4815,2.18361,All,919,1071865,18709709,63023,1993775,11853009
NG,Nigeria,DNMM,Murtala Muhammed International Airport,6.5773701667785645,3.321160078048706,All,22634,24423150,393169687,1481308,27270253,277922161
NI,Nicaragua,MNMG,Augusto C. Sandino (Managua) International Airport,12.14150047302246,-86.16819763183594,All,8516,6398135,85327724,564552,9056571,76303926
NL,Netherlands (the),EHAM,Amsterdam Airport Schiphol,52.308601,4.76389,All,224607,218928536,3242798878,11200178,253085570,2594020485
NO,Norway,ENBR,"Bergen Airport, Flesland",60.2934,5.21814,All,41198,18748348,197923862,2446227,30745476,248947989
NO,Norway,ENGM,"Oslo Airport, Gardermoen",60.193901,11.1004,All,105686,75162520,927753073,5414374,75511106,863199563
NP,Nepal,VNKT,Tribhuvan International Airport,27.6966,85.3591,All,33329,18756422,259216691,2385216,23217584,200353518
NZ,New Zealand,NZAA,Auckland International Airport,-37.01199,174.786331,All,76298,62440920,1060599171,5620352,61197450,657965058
NZ,New Zealand,NZCH,Christchurch International Airport,-43.48939895629883,172.53199768066406,All,44857,19487590,277067180,2695884,24163921,299417199
NZ,New Zealand,NZWN,Wellington International Airport,-41.3272018433,174.804992676,All,40731,15834372,223932043,2586035,21274443,236128109
OM,Oman,OOMS,Muscat International Airport,23.5933,58.284401,All,48325,45314529,719324491,2032935,30709453,420150264
PA,Panama,MPTO,Tocumen International Airport,9.07136,-79.383499,All,69529,55603320,750080726,3090330,66804984,619901444
PE,Peru,SPJC,Jorge Chávez International Airport,-12.0219,-77.114305,All,81361,73930963,1094673693,6419430,72386525,772219299
PF,French Polynesia,NTAA,Faa'a International Airport,-17.553699,-149.606995,All,19638,5157590,80256884,1148843,2962112,97221124
PG,Papua New Guinea,AYGA,Goroka Airport,-6.081689834590001,145.391998291,All,2366,438638,2340980,149441,397750,17390190
PH,Philippines (the),RPLL,Ninoy Aquino International Airport,14.5086,121.019997,All,140882,146430052,2462114221,11539265,125115456,1447034970
PH,Philippines (the),RPVM,Mactan Cebu International Airport,10.309261,123.97974,All,43198,27647410,417375047,3579358,31196957,285793908
PK,Pakistan,OPKC,Jinnah International Airport,24.9065,67.160797,All,17764,22393116,406321924,1259050,26501307,250664727
PL,Poland,EPKK,Kraków John Paul II International Airport,50.077702,19.7848,All,32486,22845851,303785880,1584299,21871989,260968243
PL,Poland,EPWA,Warsaw Chopin Airport,52.1656990051,20.967100143399996,All,79944,58009480,783188450,3391458,48903750,649441204
PR,Puerto Rico,TJSJ,Luis Munoz Marin International Airport,18.4394,-66.001801,All,69830,43965716,626187480,4352671,57986030,720696771
PT,Portugal,LPFR,Faro Airport,37.0144004822,-7.96590995789,All,30380,23484870,305143874,1457607,29521169,276563462
PT,Portugal,LPPR,Francisco de Sá Carneiro Airport,41.2481002808,-8.68138980865,All,51036,41085935,562333658,2551980,48708155,470836054
PT,Portugal,LPPT,Humberto Delgado Airport (Lisbon Portela Airport),38.7813,-9.13592,All,112127,99066546,1537636453,5593965,94290658,1049819234
PW,Palau,PTRO,Babelthuap Airport,7.36731,134.544236,All,527,407621,5063298,23263,487906,4816444
PY,Paraguay,SGAS,Aeropuerto Internacional Silvio Pettirossi,-25.240156,-57.519227,All,8579,3569297,54507504,284687,4925500,82147053
QA,Qatar,OTHH,Hamad International Airport,25.273056,51.608056,All,127133,232546706,4638176092,10520412,190747911,2251772759
RE,Réunion,FMEE,Roland Garros Airport,-20.890087,55.518894,All,6206,9110678,191486353,478062,5971970,80315676
RO,Romania,LROP,Bucharest Henri Coandă International Airport,44.572127,26.103396,All,53447,39092358,535671239,3386559,48468144,437347626
RS,Serbia,LYBE,Belgrade Nikola Tesla Airport,44.818401,20.309099,All,38207,26599365,352403113,4035867,20132970,264744838
RU,Russian Federation (the),ULLI,Pulkovo Airport,59.800301,30.262501,All,71222,55950203,719183934,4160566,67651043,683143965
RU,Russian Federation (the),URSS,Sochi International Airport,43.449902,39.9566,All,29981,25355068,354541476,2106952,24213472,277813369
RU,Russian Federation (the),UUDD,Domodedovo International Airport,55.408798,37.9063,All,55907,49929375,730971511,3403063,51492115,543461216
RU,Russian Federation (the),UUEE,Sheremetyevo International Airport,55.972599,37.4146,All,110525,114848559,1790292354,7822712,121270866,1326603440
RU,Russian Federation (the),UUWW,Vnukovo International Airport,55.591499,37.261501,All,36018,33077533,435992998,2419393,45599977,413658155
RW,Rwanda,HRYR,Kigali International Airport,-1.96863,30.1395,All,1852,2046145,29255004,124567,2651921,23538700
SA,Saudi Arabia,OEDF,King Fahd International Airport,26.471201,49.797901,All,45982,42630682,656960639,2302254,39781099,467161821
SA,Saudi Arabia,OEJN,King Abdulaziz International Airport,21.6796,39.156502,All,129181,170097600,2917469270,8871959,167104494,1775987565
SA,Saudi Arabia,OERK,King Khaled International Airport,24.9576,46.698799,All,112694,127240621,2092133159,6496569,118018554,1373673311
SC,Seychelles,FSIA,Seychelles International Airport,-4.67434,55.521801,All,10446,5240711,96635981,821000,10471691,93266260
SD,Sudan (the),HSPN,Port Sudan New International Airport,19.4335994720459,37.234100341796875,All,1118,818626,8188238,61095,1470198,12837624
SE,Sweden,ESSA,Stockholm-Arlanda Airport,59.64849,17.928829,All,91433,67009066,892257393,4458328,58302513,716309759
SG,Singapore,WSSS,Singapore Changi Airport,1.35019,103.994003,All,165017,249169623,4531343307,14854870,177397239,2272240380
SI,Slovenia,LJLJ,Ljubljana Jože Pučnik Airport,46.223701,14.4576,All,8798,4885688,60268747,509540,5048905,64013255
SK,Slovakia,LZIB,M. R. Štefánik Airport,48.1702,17.2127,All,9188,4780488,58571438,358421,8383680,76423624
SL,Sierra Leone,GFLL,Lungi International Airport,8.61644,-13.1955,All,805,590790,7326606,32374,753920,6765804
SN,Senegal,GOBD,Blaise Diagne International Airport,14.67,-17.073333,All,6366,8350289,145559221,397659,9105000,84586373
SO,Somalia,HCMM,Aden Adde International Airport,2.0144400596618652,45.3046989440918,All,914,707184,11467874,33227,655432,6719145
SR,Suriname,SMZO,Zorg en Hoop Airport,5.811131,-55.1913,All,4680,159288,670840,186129,570444,14990773
SS,South Sudan,HJJJ,Juba International Airport,4.87201,31.601101,All,1548,595414,6647311,97166,3667216,11343568
ST,Sao Tome and Principe,FPST,São Tomé International Airport,0.378175,6.71215,All,632,451659,6973025,32055,603495,4809872
SV,El Salvador,MSLP,Monseñor Óscar Arnulfo Romero International Airport,13.4409,-89.055702,All,19163,16254507,227346485,1059619,14907547,175358618
SX,Sint Maarten (Dutch part),TNCM,Princess Juliana International Airport,18.041,-63.108898,All,21056,5272288,67910517,1266322,12103923,143461677
SY,Syrian Arab Republic,OSDI,Damascus International Airport,33.4114990234375,36.51559829711914,All,2929,3016763,43213893,369492,5932673,42771756
TC,Turks and Caicos Islands (the),MBPV,Providenciales International Airport,21.773697,-72.268321,All,13659,4530314,54474418,830303,12024358,127715224
TD,Chad,FTTJ,N'Djamena International Airport,12.1337,15.034,All,706,822431,14599243,47024,1755717,9436865
TG,Togo,DXXX,Lomé–Tokoin International Airport,6.16561,1.25451,All,4905,4755209,66576612,279648,6096211,49866233
TH,Thailand,VTBD,Don Mueang International Airport,13.9125995636,100.607002258,All,94268,73192490,1029792903,4647990,90777305,884858360
TH,Thailand,VTBS,Suvarnabhumi Airport,13.681099891662598,100.74700164794922,All,153815,209311575,3708994405,13894230,172355287,2015622655
TH,Thailand,VTSP,Phuket International Airport,8.1132,98.316902,All,41749,41965026,686744476,2626916,42799388,447994640
TJ,Tajikistan,UTDD,Dushanbe Airport,38.543301,68.824997,All,6597,5990589,85030847,487700,6261186,62934603
TL,Timor-Leste,WPDL,Presidente Nicolau Lobato International Airport,-8.546562,125.524507,All,1207,711547,9072099,52544,978132,11996383
TM,Turkmenistan,UTAA,Ashgabat International Airport,37.986801,58.361,All,3474,3047307,41207926,174038,4068059,40353548
TN,Tunisia,DTTA,Tunis Carthage International Airport,36.851002,10.2272,All,28047,24220748,343507722,1619170,28478590,274206649
TO,Tonga,NFTF,Fua'amotu International Airport,-21.241199493408203,-175.14999389648438,All,672,540777,9040561,24840,188691,4225483
TR,Turkey,LTAC,Esenboğa International Airport,40.128101,32.995098,All,32141,24118843,294799336,1577039,27563812,280610558
TR,Turkey,LTAI,Antalya International Airport,36.898701,30.800501,All,110140,92554678,1313345960,5870640,95539682,1016723425
TR,Turkey,LTBJ,Adnan Menderes International Airport,38.2924,27.157,All,29914,23328556,315804440,1339005,23878517,258020685
TR,Turkey,LTFJ,Istanbul Sabiha Gökçen International Airport,40.898602,29.3092,All,115076,85552786,1260129187,4265833,53687138,855862233
TR,Turkey,LTFM,İstanbul Airport,41.261297,28.741951,All,251799,305838585,5084772623,25999909,287351157,2947170280
TT,Trinidad and Tobago,TTPP,Piarco International Airport,10.5954,-61.3372,All,14004,7093435,112881195,896258,6183399,77064924
TW,China,RCTP,Taiwan Taoyuan International Airport,25.0777,121.233002,All,100925,176502513,3320538116,8478009,135338757,1647005195
TZ,"Tanzania, United Republic of",HTDA,Julius Nyerere International Airport,-6.87811,39.202599,All,10904,8144359,133572122,715100,10802456,81071423
UG,Uganda,HUEN,Entebbe International Airport,0.042386,32.443501,All,3708,4652647,84000974,218850,6485693,52693997
US,United States of America (the),KABQ,Albuquerque International Sunport,35.039976,-106.608925,All,49976,21837505,261218284,2477123,30743650,383179666
US,United States of America (the),KADS,Addison Airport,32.9686012268,-96.8364028931,All,47537,698723,2792689,287582,12043886,360873721
US,United States of America (the),KAFW,Perot Field/Fort Worth Alliance Airport,32.99044,-97.31947,All,44524,12473442,165310594,1255466,22647689,360617420
US,United States of America (the),KAPA,Centennial Airport,39.57009888,-104.848999,All,69854,1327796,6198265,704788,21923176,512000911
US,United States of America (the),KATL,Hartsfield Jackson Atlanta International Airport,33.6367,-84.428101,All,390276,356131429,4772707576,22929985,255284580,3631048980
US,United States of America (the),KAUS,Austin Bergstrom International Airport,30.197535,-97.662015,All,117435,79200395,1032711489,5664385,82624305,913490991
US,United States of America (the),KAWO,Arlington Municipal Airport,48.161448,-122.158442,All,11397,109334,323367,22629,2208934,86216010
US,United States of America (the),KBDL,Bradley International Airport,41.93851,-72.688066,All,34545,24984079,322295716,1671659,23396821,281752625
US,United States of America (the),KBFI,Boeing Field King County International Airport,47.529999,-122.302002,All,38084,5699020,70012140,863618,15917638,279329694
US,United States of America (the),KBHM,Birmingham-Shuttlesworth International Airport,33.562901,-86.753502,All,30395,12531070,136673171,920745,14287709,222556337
US,United States of America (the),KBIL,Billings Logan International Airport,45.807701,-108.542999,All,33226,6520060,72777286,1117755,23875821,372172132
US,United States of America (the),KBJC,Rocky Mountain Metropolitan Airport,39.908798,-105.116997,All,61440,1361749,8249102,288514,15999375,455759448
US,United States of America (the),KBNA,Nashville International Airport,36.1245,-86.6782,All,115683,78034887,985800488,5498852,78429659,908285708
US,United States of America (the),KBOI,Boise Air Terminal/Gowen Field,43.5644,-116.223,All,45874,19473180,223028191,1591800,23154041,316580259
US,United States of America (the),KBOS,Logan International Airport,42.36197,-71.0079,All,193348,144993331,1997799830,10888454,125768146,1861615676
US,United States of America (the),KBUR,Bob Hope Airport,34.197703,-118.356378,All,43851,27246430,312826819,2207307,31002273,349765395
US,United States of America (the),KBWI,Baltimore/Washington International Thurgood Marshall Airport,39.1754,-76.668297,All,114692,88522712,1175022795,5788220,92709790,948331834
US,United States of America (the),KCDW,Essex County Airport,40.875198364300005,-74.2814025879,All,30192,382430,1652760,96772,6611779,226754168
US,United States of America (the),KCHD,Chandler Municipal Airport,33.2691,-111.810997,All,42823,411743,1328330,114535,8387595,317407359
US,United States of America (the),KCHS,Charleston International Airport,32.898602,-80.040497,All,44506,22532545,271844745,1827601,28922219,346553326
US,United States of America (the),KCLE,Cleveland Hopkins International Airport,41.411701,-81.8498,All,48395,32835561,400762727,1925523,25950789,351458637
US,United States of America (the),KCLT,Charlotte Douglas International Airport,35.2140007019043,-80.94309997558594,All,254088,182577738,2427482866,16747659,141598129,1730888770
US,United States of America (the),KCMA,Camarillo International Airport,34.213699,-119.094002,All,32873,512006,1661219,233526,10201456,252588128
US,United States of America (the),KCMH,John Glenn Columbus International Airport,39.998001,-82.891899,All,49588,29945711,349483670,1974491,24946162,338871605
US,United States of America (the),KCOS,City of Colorado Springs Municipal Airport,38.805801,-104.700996,All,40581,9674793,105502986,934077,16419613,296962168
US,United States of America (the),KCRG,Jacksonville Executive at Craig Airport,30.3362998962,-81.51439666750001,All,42892,531017,1770889,202141,10714654,344240213
US,United States of America (the),KCRQ,McClellan-Palomar Airport,33.1283,-117.279999,All,38342,555784,2676112,161720,8909318,286264124
US,United States of America (the),KCVG,Cincinnati Northern Kentucky International Airport,39.048801,-84.667801,All,82452,86133980,1207937958,4708867,111256197,904583243
US,United States of America (the),KCXO,Conroe-North Houston Regional Airport,30.351801,-95.414497,All,29858,393175,1624872,128941,7325697,232910613
US,United States of America (the),KDAB,Daytona Beach International Airport,29.179899,-81.058098,All,102547,3086385,28367654,274778,19543845,712779793
US,United States of America (the),KDAL,Dallas Love Field,32.847099,-96.851799,All,89057,59676344,750588203,4125873,70381515,700976402
US,United States of America (the),KDCA,Ronald Reagan Washington National Airport,38.8521,-77.037697,All,150604,93073494,1056824627,5736106,70735106,967882042
US,United States of America (the),KDEN,Denver International Airport,39.861698150635,-104.672996521,All,334337,247018866,3195392314,18029321,214591292,2632001827
US,United States of America (the),KDFW,Dallas Fort Worth International Airport,32.896801,-97.038002,All,347499,280495039,3789975505,24012107,221436875,2611616683
US,United States of America (the),KDPA,Dupage Airport,41.90779877,-88.24859619,All,41308,677337,3457455,186990,9413250,323407115
US,United States of America (the),KDTO,Denton Enterprise Airport,33.201769,-97.197983,All,45250,544314,2042447,172758,9848702,340056119
US,United States of America (the),KDTW,Detroit Metropolitan Wayne County Airport,42.21377,-83.353786,All,145413,113148878,1451814922,7277345,65723463,1127044150
US,United States of America (the),KDVT,Phoenix Deer Valley Airport,33.6883010864,-112.083000183,All,50510,681515,2146255,264788,11573464,384114391
US,United States of America (the),KELP,El Paso International Airport,31.807199,-106.377998,All,33986,18855062,220586600,1663243,23522564,263183142
US,United States of America (the),KEVB,New Smyrna Beach Municipal Airport,29.0557,-80.948898,All,51915,467114,1462508,77270,10136448,404358812
US,United States of America (the),KEWR,Newark Liberty International Airport,40.692501,-74.168701,All,218277,197868109,2930409806,13361052,145424584,1873039830
US,United States of America (the),KFCM,Flying Cloud Airport,44.8272018433,-93.4570999146,All,33766,563913,2595414,296874,9567693,247941434
US,United States of America (the),KFFC,Peachtree City Falcon Field,33.3573,-84.5718,All,29836,265990,886998,47771,5709825,227916754
US,United States of America (the),KFFZ,Falcon Field,33.4608001709,-111.727996826,All,83295,843628,2564810,193749,16691992,644524891
US,United States of America (the),KFLL,Fort Lauderdale Hollywood International Airport,26.072599,-80.152702,All,137124,109365590,1589644336,9731981,92226897,1118388175
US,United States of America (the),KFMY,Page Field,26.58659935,-81.86329650879999,All,39976,487066,1796763,170852,12073716,318725453
US,United States of America (the),KFPR,St Lucie County International Airport,27.49510002,-80.36830139,All,34117,481504,1621929,199708,8362811,288261539
US,United States of America (the),KFRG,Republic Airport,40.7288017273,-73.4133987427,All,47436,699450,4331057,133118,10544953,358871169
US,United States of America (the),KFXE,Fort Lauderdale Executive Airport,26.1972999573,-80.1707000732,All,53745,1104511,5618462,542404,16066393,478728344
US,United States of America (the),KGFK,Grand Forks International Airport,47.949299,-97.176102,All,54511,1241520,9508571,146421,11857078,426072015
US,United States of America (the),KGKY,Arlington Municipal Airport,32.66389846801758,-97.09429931640624,All,26316,331922,1294324,103533,6194093,209821010
US,United States of America (the),KGRR,Gerald R. Ford International Airport,42.88079834,-85.52279663,All,32308,14384550,181602332,1104869,15930279,245362162
US,United States of America (the),KGSO,Piedmont Triad International Airport,36.097801,-79.937302,All,31716,12582409,143331822,938931,16236828,239867839
US,United States of America (the),KGTU,Georgetown Executive Airport at Johnny Gantt Field,30.677543,-97.678524,All,33788,358630,1146497,100395,6647142,257651373
US,United States of America (the),KGYR,Phoenix Goodyear Airport,33.4225006104,-112.375999451,All,48619,648170,3015333,116339,9116146,369653378
US,United States of America (the),KHIO,Portland Hillsboro Airport,45.540401,-122.949997,All,48696,536841,1967986,170386,10367657,363846818
US,United States of America (the),KHOU,William P Hobby Airport,29.645399,-95.2789,All,69041,46398950,590421672,3238806,51509437,541856108
US,United States of America (the),KHPN,Westchester County Airport,41.06700134277344,-73.70760345458984,All,41338,10831106,130111797,1029753,25215397,315283484
US,United States of America (the),KHWO,North Perry Airport,26.0012,-80.2407,All,63455,574849,2169485,66560,12406321,485274988
US,United States of America (the),KIAD,Washington Dulles International Airport,38.9445,-77.455803,All,116486,100576048,1540284322,6073417,84040982,1006370151
US,United States of America (the),KIAH,George Bush Intercontinental Houston Airport,29.984399795532227,-95.34140014648438,All,210263,168050502,2362893318,11620478,139844275,1691863530
US,United States of America (the),KIND,Indianapolis International Airport,39.7173,-86.294403,All,95164,56771668,732280709,4149423,63296547,776898925
US,United States of America (the),KISP,Long Island Mac Arthur Airport,40.79520035,-73.10019684,All,30655,4096486,48782544,279461,8734438,237992671
US,United States of America (the),KIWA,Phoenix–Mesa Gateway Airport,33.3078,-111.654999,All,58645,6843549,101221112,563479,19491140,468557070
US,United States of America (the),KJAX,Jacksonville International Airport,30.492469,-81.687813,All,36416,27496979,357863982,2214290,27142415,294181550
US,United States of America (the),KJFK,John F Kennedy International Airport,40.639447,-73.779317,All,242258,277691309,4505524879,16921474,236615987,2702348605
US,United States of America (the),KLAL,Lakeland Linder International Airport,27.987656,-82.018776,All,42671,5637029,76905865,507525,13962463,340533003
US,United States of America (the),KLAS,Harry Reid International Airport,36.083361,-115.151817,All,225965,173589455,2364399354,11781794,162840355,1830560903
US,United States of America (the),KLAX,Los Angeles International Airport,33.942501,-118.407997,All,279712,304260171,4844916208,19393930,266811949,2896997367
US,United States of America (the),KLEE,Leesburg International Airport,28.82309914,-81.80870056,All,35469,338025,1148702,63954,7225261,275238183
US,United States of America (the),KLGA,La Guardia Airport,40.777199,-73.872597,All,186131,116802608,1375752692,7084774,75190974,1171717134
US,United States of America (the),KLGB,Long Beach Airport (Daugherty Field),33.816523,-118.149891,All,74053,13694019,173770795,985604,22649007,550785348
US,United States of America (the),KLNC,Lancaster Airport,32.577564,-96.717494,All,5922,53820,197982,6553,1134139,45585476
US,United States of America (the),KLNS,Lancaster Airport,40.121700286865234,-76.29609680175781,All,25008,306106,1180696,147463,5957486,178614540
US,United States of America (the),KLUK,Cincinnati Municipal Airport Lunken Field,39.102357,-84.418945,All,30107,552680,2778758,187377,9002971,229263570
US,United States of America (the),KMCI,Kansas City International Airport,39.2976,-94.713898,All,55860,41954172,524305997,2980464,40645069,444113788
US,United States of America (the),KMCO,Orlando International Airport,28.429399490356445,-81.30899810791016,All,205395,179179928,2557758489,14798003,144711511,1769142040
US,United States of America (the),KMDW,Chicago Midway International Airport,41.785999,-87.752403,All,94454,66478855,866134942,3933644,67893343,734608283
US,United States of America (the),KMEM,Memphis International Airport,35.0424,-89.9767,All,100164,126909035,1755476338,9501841,150260541,1221466310
US,United States of America (the),KMIA,Miami International Airport,25.79319953918457,-80.29060363769531,All,221515,222851427,3334093498,12921233,207805500,2184994411
US,United States of America (the),KMKE,General Mitchell International Airport,42.947201,-87.896599,All,38894,22899801,280035331,1913418,23586763,277366957
US,United States of America (the),KMLB,Melbourne Orlando International Airport,28.1028,-80.645302,All,48952,3527780,40964383,359597,11026045,376034007
US,United States of America (the),KMSN,Dane County Regional Truax Field,43.1399,-89.337502,All,36602,8970168,101923326,852153,12578962,265641001
US,United States of America (the),KMSP,Minneapolis–Saint Paul International Airport / Wold–Chamberlain Field,44.880081,-93.221741,All,157875,118678482,1484879343,7463669,92183371,1254693305
US,United States of America (the),KMSY,Louis Armstrong New Orleans International Airport,29.993401,-90.258003,All,58117,45192504,595044099,3387761,42058201,478521022
US,United States of America (the),KMYF,Montgomery-Gibbs Executive Airport,32.8157,-117.139999,All,55789,657064,2284352,257423,12813584,414661872
US,United States of America (the),KOAK,Metropolitan Oakland International Airport,37.720085,-122.221184,All,73970,53636115,731115284,3561664,57895257,624059889
US,United States of America (the),KOMA,Eppley Airfield,41.3032,-95.894096,All,32471,18775103,223333998,1534878,22153229,237009641
US,United States of America (the),KONT,Ontario International Airport,34.056,-117.600998,All,46004,46751562,638707377,3438038,42160822,451658622
US,United States of America (the),KORD,Chicago O'Hare International Airport,41.9786,-87.9048,All,362165,291521600,3964909460,19135912,252894920,3123066657
US,United States of America (the),KORF,Norfolk International Airport,36.895341,-76.201,All,30851,17455644,208908229,1133937,17434022,223492747
US,United States of America (the),KORL,Orlando Executive Airport,28.5455,-81.332901,All,40708,665056,3277595,282202,10702771,303519874
US,United States of America (the),KPAE,Seattle Paine Field International Airport,47.9063,-122.281998,All,50416,4278094,45801831,420046,12220986,373469574
US,United States of America (the),KPAO,Palo Alto Airport of Santa Clara County,37.461101532,-122.114997864,All,36528,364785,1237141,101245,8337563,267942350
US,United States of America (the),KPBI,Palm Beach International Airport,26.683201,-80.095596,All,54246,27221705,377299896,2589139,35832324,479876801
US,United States of America (the),KPDK,DeKalb Peachtree Airport,33.87633,-84.30213,All,37610,947994,4599316,526447,17692364,280104942
US,United States of America (the),KPDX,Portland International Airport,45.588699,-122.598,All,87586,62780318,801909224,4451475,61395824,660556238
US,United States of America (the),KPHL,Philadelphia International Airport,39.871899,-75.241096,All,142008,109444770,1496159023,8630044,88128295,1075268434
US,United States of America (the),KPHX,Phoenix Sky Harbor International Airport,33.435302,-112.005905,All,216659,160173893,2184688438,11749538,145852191,1636068835
US,United States of America (the),KPIE,St. Petersburg Clearwater International Airport,27.9102,-82.687401,All,31250,8331609,119971981,764116,18600296,262770409
US,United States of America (the),KPIT,Pittsburgh International Airport,40.491501,-80.232903,All,53517,35477168,441408090,2528546,29011018,364480692
US,United States of America (the),KPMP,Pompano Beach Airpark,26.247100830078,-80.111099243164,All,30695,350192,1301319,90719,7767481,249020837
US,United States of America (the),KPNS,Pensacola International Airport,30.4734,-87.1866,All,34423,9661205,110340133,845160,13093383,267135154
US,United States of America (the),KPRC,Prescott International Airport - Ernest A. Love Field,34.654499,-112.419998,All,39351,614317,2893436,118441,8381578,277996553
US,United States of America (the),KPVU,Provo-Utah Lake International Airport,40.2192,-111.723,All,32996,3096448,40081967,358079,10431993,262064742
US,United States of America (the),KRDU,Raleigh Durham International Airport,35.877602,-78.787498,All,89332,51780133,650106080,3821314,50128724,684783370
US,United States of America (the),KRHV,Reid-Hillview Airport of Santa Clara County,37.332901001,-121.819000244,All,31335,266176,889017,36135,5696693,233036856
US,United States of America (the),KRIC,Richmond International Airport,37.505199,-77.319702,All,37550,21611685,266393470,1574261,22072705,282873155
US,United States of America (the),KRNO,Reno Tahoe International Airport,39.4991,-119.767998,All,40988,18582121,222594336,1529613,26065017,316127778
US,United States of America (the),KRNT,Renton Municipal Airport,47.4930992126,-122.216003418,All,37686,515181,4071635,73334,7435593,278355956
US,United States of America (the),KRSW,Southwest Florida International Airport,26.53619956970215,-81.75520324707031,All,41191,32656368,438987164,2510544,30594141,356441888
US,United States of America (the),KRVS,Richard Lloyd Jones Jr Airport,36.039600372314,-95.984596252441,All,48608,496460,1746068,127794,10555332,375156190
US,United States of America (the),KSAN,San Diego International Airport,32.7336006165,-117.190002441,All,101367,78785886,1068873205,5485355,67741774,784788136
US,United States of America (the),KSAT,San Antonio International Airport,29.533701,-98.469803,All,76870,39703594,514779400,3316562,49832188,615845012
US,United States of America (the),KSAV,Savannah Hilton Head International Airport,32.127602,-81.202103,All,36641,13982668,156554467,1117418,18075259,270445340
US,United States of America (the),KSDF,Louisville Muhammad Ali International Airport,38.1744,-85.736,All,80170,113951538,1545891080,6571318,73414007,968343620
US,United States of America (the),KSDL,Scottsdale Airport,33.622898101807,-111.91100311279,All,40765,855884,4537274,358974,11982415,296533326
US,United States of America (the),KSEA,Seattle–Tacoma International Airport,47.447943,-122.310276,All,224712,172074124,2307066045,10117000,184775134,1825946556
US,United States of America (the),KSFB,Orlando Sanford International Airport,28.777599334716797,-81.23750305175781,All,55570,9452297,141415112,636912,22425346,453360284
US,United States of America (the),KSFO,San Francisco International Airport,37.619806,-122.374821,All,181488,190167912,3092543270,12278562,138799837,1794863887
US,United States of America (the),KSJC,Norman Y. Mineta San Jose International Airport,37.362452,-121.929188,All,64387,42635914,542247709,2796958,43701965,484914181
US,United States of America (the),KSLC,Salt Lake City International Airport,40.78886,-111.979866,All,140886,89165856,1105288473,6125247,82427451,1034964521
US,United States of America (the),KSMF,Sacramento International Airport,38.6954,-121.591003,All,62717,45026329,576501560,3151966,42606590,479915211
US,United States of America (the),KSNA,John Wayne Orange County International Airport,33.675701,-117.867996,All,86856,37445558,443410421,2807124,47995388,666646332
US,United States of America (the),KSRQ,Sarasota Bradenton International Airport,27.394631,-82.554359,All,43177,14369217,189390209,1184431,22887846,352793377
US,United States of America (the),KSTL,St Louis Lambert International Airport,38.748697,-90.370003,All,82019,51936020,646627551,3514671,52304186,655602751
US,United States of America (the),KSUA,Witham Field,27.18169975,-80.22109985,All,36628,510566,2096470,186640,9841394,288721967
US,United States of America (the),KTMB,Miami Executive Airport,25.6479,-80.4328,All,61731,840289,3729705,291841,13475515,472541182
US,United States of America (the),KTOA,Zamperini Field,33.803398132324,-118.33999633789,All,45851,385125,1283079,62971,8263082,334295621
US,United States of America (the),KTPA,Tampa International Airport,27.9755,-82.533203,All,100345,78247956,1074102803,5852129,76724416,846969419
US,United States of America (the),KTTN,Trenton Mercer Airport,40.276699,-74.813499,All,43114,2036759,20148196,155488,9150615,332417774
US,United States of America (the),KTUS,Tucson International Airport / Morris Air National Guard Base,32.115004,-110.938053,All,32353,13830115,168658335,1295800,17352490,232191933
US,United States of America (the),KTYS,McGhee Tyson Airport,35.811001,-83.994003,All,35654,12298153,142934885,961384,15579585,268881382
US,United States of America (the),KVGT,North Las Vegas Metropolitan International Airport,36.210701,-115.194,All,45677,619847,1976818,218031,12427792,351997336
US,United States of America (the),KVNY,Van Nuys Airport,34.209800720215,-118.48999786377,All,40920,1065156,6387876,329343,9476307,306419798
US,United States of America (the),KVRB,Vero Beach Regional Airport,27.6556,-80.417901,All,51232,899196,5274536,196299,11936378,391001067
US,United States of America (the),PANC,Ted Stevens Anchorage International Airport,61.179004,-149.992561,All,112595,140073924,2092221462,8219350,142104825,1576452773
US,United States of America (the),PHNL,Daniel K Inouye International Airport,21.32062,-157.924228,All,126324,99634597,1527659911,6789005,89468111,1128874842
US,United States of America (the),PHOG,Kahului International Airport,20.896263,-156.431837,All,47329,28909429,423913229,2184938,16582950,298173323
UY,Uruguay,SUMU,Carrasco General Cesáreo L. Berisso International Airport,-34.835647,-56.026497,All,6599,5817138,95308964,339893,4521347,58202213
UZ,Uzbekistan,UTTT,Tashkent International Airport,41.257900238,69.2811965942,All,23689,25777046,380819689,1390690,30524075,272899176
VC,Saint Vincent and the Grenadines,TVSA,Argyle International Airport,13.156695,-61.149945,All,4523,1064675,12838491,329937,1110755,16276176
VE,Venezuela (Bolivarian Republic of),SVMI,Simón Bolívar International Airport,10.601194,-66.991222,All,6457,6371787,85578985,555309,6605817,59124068
VG,Virgin Islands (British),TUPJ,Terrance B. Lettsome International Airport,18.445492,-64.541707,All,3426,476954,3381430,244188,922415,17069438
VI,Virgin Islands (U.S.),TISX,Henry E Rohlsen Airport,17.701900482177734,-64.79859924316406,All,11058,1393084,13150676,531520,7696476,96653748
VN,Viet Nam,VVDN,Da Nang International Airport,16.0439,108.198997,All,40121,37136375,559692717,3321914,20667464,334303790
VN,Viet Nam,VVNB,Noi Bai International Airport,21.221201,105.806999,All,93080,106257458,1712986269,7681813,58083244,933191125
VN,Viet Nam,VVTS,Tan Son Nhat International Airport,10.8188,106.652,All,121658,132268657,2134248397,10678088,77385096,1187962623
VU,Vanuatu,NVVV,Bauerfield International Airport,-17.699301,168.320007,All,867,529845,5691072,42892,752680,7036515
WS,Samoa,NSFA,Faleolo International Airport,-13.829999923706056,-172.00799560546875,All,1114,1186285,21210031,51428,1095082,10682203
YE,Yemen,OYAA,Aden International Airport,12.8295,45.028801,All,1337,1378572,22393014,88948,1577394,14477206
YT,Mayotte,FMCZ,Dzaoudzi Pamandzi International Airport,-12.809319,45.281815,All,614,776040,14174676,36954,215383,4598449
ZA,South Africa,FACT,Cape Town International Airport,-33.9648017883,18.6016998291,All,35926,31761477,477620963,2330703,65391742,421564141
ZA,South Africa,FAOR,O.R. Tambo International Airport,-26.1392,28.246,All,62045,62387176,937366343,4324603,107663668,779313602
ZW,Zimbabwe,FVRG,Robert Gabriel Mugabe International Airport,-17.931801,31.0928,All,1696,1764170,26462244,110579,3744554,22977060
